{
    "loss": 1.2629482746124268,
    "accuracy": 0.47668811678886414
}