{
    "loss": 15.861886978149414,
    "accuracy": 0.302518755197525
}